Nombre,Artista,Duracion,Album
Beyond The Portal,Helloween,01:00,The Dark Ride
Mr. Torture,Helloween,03:35,The Dark Ride
Mirror Mirror,Helloween,03:55,The Dark Ride
The Departed (Sun Is Going Down),Helloween,04:40,The Dark Ride
I Live For Your Pain,Helloween,04:12,The Dark Ride
If I Could Fly,Helloween,04:25,The Dark Ride
Immortal,Helloween,04:30,The Dark Ride
We Damn The Night,Helloween,04:10,The Dark Ride
Escalation 666,Helloween,04:42,The Dark Ride
The Dark Ride,Helloween,09:00,The Dark Ride
Prenderemos fuego al cielo,Francisca Valenzuela,4:29,Tajo Abierto
No esperen mi regreso,Francisca Valenzuela,4:31,Tajo Abierto
Perfume de tu piel,Francisca Valenzuela,3:55,Tajo Abierto
Siempre eres tu,Francisca Valenzuela,4:49,Tajo Abierto
Catedral,Francisca Valenzuela,4:29,Tajo Abierto
Almost Superstar,Francisca Valenzuela,3:57,Tajo Abierto
Estremecer,Francisca Valenzuela,3:49,Tajo Abierto
Armadura,Francisca Valenzuela,4:07,Tajo Abierto
Insulto,Francisca Valenzuela,4:23,Tajo Abierto
Cuequita del corazon,Francisca Valenzuela,4:10,Tajo Abierto
Tajo abierto,Francisca Valenzuela,4:10,Tajo Abierto
Rehab,Amy Winehouse,03:34,Back to Black
You Know I'm No Good,Amy Winehouse,04:17,Back to Black
Me & Mr. Jones,Amy Winehouse,02:33,Back to Black
Just Friends,Amy Winehouse,03:13,Back to Black
Back to Black,Amy Winehouse,04:01,Back to Black
Love Is a Losing Game,Amy Winehouse,02:35,Back to Black
Tears Dry on Their Own,Amy Winehouse,03:06,Back to Black
Wake up Alone,Amy Winehouse,03:42,Back to Black
Some Unholy War,Amy Winehouse,02:22,Back to Black
He Can Only Hold Her,Amy Winehouse,04:20,Back to Black
Addicted,Amy Winehouse,02:45,Back to Black
Amanecer,Bomba Estereo,4:08,Amanecer
Caderas,Bomba Estereo,2:55,Amanecer
Somos dos,Bomba Estereo,3:59,Amanecer
Soy yo,Bomba Estereo,2:39,Amanecer
Fiesta,Bomba Estereo,3:39,Amanecer
Voy,Bomba Estereo,3:16,Amanecer
Algo esta cambiando,Bomba Estereo,4:29,Amanecer
Mar (Lo Que Siento),Bomba Estereo,3:49,Amanecer
To my love,Bomba Estereo,3:59,Amanecer
SÃ³lo tu,Bomba Estereo,4:14,Amanecer
Raiz,Bomba Estereo,3:38,Amanecer
#9 Dream,John Lennon,02:18,-
(Don't Fear) The Reaper,Blue Oyster Cult,03:28,-
(I Can't Get No) Satisfaction,Rolling Stones,02:15,-
(I Just) Died in Your Arms,Cutting Crew,02:21,-
(Oh) Pretty Woman,Van Halen,02:47,-
(Sittin' On) The Dock of the Bay,Otis Redding,02:44,-
(You Can Still) Rock in America,Night Ranger,02:40,-
(You Gotta) Fight for Your Right (To Party),Beastie Boys,02:02,-
18 And Life,Skid Row,02:55,-
1979,Smashing Pumpkins,02:32,-
1984/jump,Van Halen,03:14,-
19th Nervous Breakdown,Rolling Stones,03:10,-
2112: Overture / The Temples of Syrinx (Chronicles Version),Rush,03:15,-
25 Or 6 To 4,Chicago,02:34,-
30 Days In the Hole,Humble Pie,02:47,-
45,Shinedown,02:37,-
5:15,The Who,02:25,-
50 Ways to Leave Your Lover,Paul Simon,03:24,-
867-5309 / Jenny,Tommy Tutone,02:21,-
A Day In The Life,The Beatles,03:08,-
A Girl Like You,The Smithereens,03:14,-
A Hard Day's Night,The Beatles,03:10,-
A Horse With No Name,America,02:06,-
A Life Of Illusion,Joe Walsh,03:09,-
A Salty Dog,Procol Harum,02:49,-
A Trick of the Tail,Genesis,02:11,-
A Whiter Shade of Pale,Procol Harum,03:06,-
A Woman In Love,Tom Petty & The Heartbreakers,02:13,-
Abacab,Genesis,02:55,-
About a Girl,Nirvana,02:33,-
Abracadabra,Steve Miller Band,02:15,-
Across The Universe,The Beatles,02:03,-
Addicted to Love,Robert Palmer,02:16,-
AFRICA,Toto,02:19,-
After Midnight,Eric Clapton,02:37,-
Against The Wind,Bob Seger,02:56,-
Ah! Leah!,Donnie Iris,03:05,-
AIN'T NO SUNSHINE,Bill Withers,02:42,-
Ain't Talkin' 'bout Love,Van Halen,02:58,-
Ain't Too Proud to Beg,Rolling Stones,02:21,-
Ain't Wastin' Time No More,Allman Brothers Band,02:42,-
Alison,Elvis Costello,02:17,-
Alive,Pearl Jam,02:20,-
All Along the Watchtower,Jimi Hendrix,02:13,-
All Apologies,Nirvana,02:43,-
All Day And All Of The Night,The Kinks,03:27,-
All My Life,Foo Fighters,02:22,-
All My Love,Led Zeppelin,02:19,-
All My Loving,The Beatles,02:59,-
All Night Long,Joe Walsh,03:20,-
All Right Now,Free,02:35,-
All She Wants to Do Is Dance,Don Henley,02:40,-
All Star,Smash Mouth,02:43,-
All Summer Long,Kid Rock,03:08,-
All The Girls Love Alice,Elton John,02:43,-
All the Small Things,Blink-182,02:28,-
All the Young Dudes,Mott the Hoople,02:55,-
All You Need Is Love,The Beatles,02:15,-
ALL YOU ZOMBIES,Hooters,02:59,-
Allentown,Billy Joel,02:05,-
Almost Hear You Sigh,Rolling Stones,03:23,-
Alone,Heart,02:18,-
Already Gone,Eagles,02:44,-
Amanda,Boston,02:04,-
American Girl,Tom Petty & The Heartbreakers,02:22,-
American Pie,Don McLean,02:17,-
Analog Man,Joe Walsh,02:35,-
And She Was,Talking Heads,02:38,-
And the Cradle Will Rock...,Van Halen,02:11,-
AND WE DANCED,Hooters,02:40,-
And Your Bird Can Sing,The Beatles,03:05,-
Angel,Jimi Hendrix,02:22,-
Angel Of Harlem,U2,03:15,-
Angie,Rolling Stones,03:20,-
Animal,Def Leppard,02:04,-
Another Brick In The Wall,Pink Floyd,03:23,-
Another One Bites the Dust,Queen,02:24,-
Another Rainy Night,Queensryche,03:07,-
Any Colour You Like,Pink Floyd,03:22,-
Any Way You Want It,Journey,02:10,-
ANYTIME AT ALL,The Beatles,02:31,-
Apeman,The Kinks,02:11,-
Aqualung,Jethro Tull,02:28,-
Are You Experienced?,Jimi Hendrix,03:02,-
Are You Gonna Be My Girl,Jet,02:12,-
Are You Gonna Go My Way,Lenny Kravitz,03:06,-
Are You Receiving Me,Golden Earring,02:56,-
Armageddon It,Def Leppard,02:22,-
Arnold Layne,Pink Floyd,02:29,-
Arrested For Driving While Blind,ZZ Top,02:17,-
Art For Arts Sake,10cc,03:20,-
Astronomy Domine,Pink Floyd,02:10,-
Athena,The Who,03:13,-
Atlantic City,Bruce Springsteen,02:03,-
Authority Song,John Mellencamp,02:12,-
Axel F Theme,Harold Faltermeyer,02:06,-
Baba O'Reilly,The Who,03:12,-
Babe I'm Gonna Leave You,Led Zeppelin,03:11,-
Baby Hold On,Eddie Money,02:34,-
Baby You're A Rich Man,The Beatles,02:29,-
Back Door Man,The Doors,02:19,-
Back In Black,AC/DC,02:18,-
Back In the High Life Again,Steve Winwood,02:33,-
Back in the Saddle,Aerosmith,03:07,-
Back In the U.S.S.R.,The Beatles,02:56,-
Back Off Boogaloo,Ringo Starr,02:53,-
Back On The Chain Gang,The Pretenders,03:04,-
Backstreets,Bruce Springsteen,02:38,-
Bad,U2,02:25,-
BAD BOY,The Beatles,02:06,-
Bad Case Of Lovin' You,Robert Palmer,02:36,-
Bad Love,Eric Clapton,02:17,-
Bad Medicine,Bon Jovi,02:21,-
Bad Moon Rising,Creedence Clearwater Revival,02:34,-
Bad Motor Scooter,Montrose,02:53,-
Bad Reputation,Joan Jett,02:55,-
Bad Time,Grand Funk Railroad,03:11,-
Bad to the Bone,George Thorogood,02:04,-
Badge,Cream,03:10,-
Badlands,Bruce Springsteen,03:25,-
Baker Street,Gerry Rafferty,02:26,-
Ballroom Blitz,Sweet,02:15,-
Band on the Run,Paul McCartney & Wings,02:42,-
Bang a Gong (Get It On),T. Rex,02:06,-
Bang the Drum All Day,Todd Rundgren,02:04,-
Bargain,The Who,02:49,-
Bark At The Moon,Ozzy Osbourne,03:19,-
Barracuda,Heart,02:09,-
Basket Case,Green Day,02:58,-
Beast Of Burden,Rolling Stones,03:30,-
Beautiful Day,U2,03:22,-
Beautiful Girls,Van Halen,03:15,-
Beds Are Burning,Midnight Oil,03:00,-
Been Caught Stealing,Jane's Addiction,02:17,-
Beer Drinkers & Hell Raisers,ZZ Top,03:11,-
Behind Blue Eyes,The Who,02:07,-
Bell Bottom Blues,Derek & The Dominos,02:30,-
Bennie And The Jets,Elton John,02:26,-
Best of You,Foo Fighters,03:18,-
Beth,Kiss,02:42,-
Better Man,Pearl Jam,03:17,-
Bicycle Race,Queen,02:31,-
Bicycle Race/fat Bottomed Girls,Queen,03:22,-
Big City Nights,Scorpions,03:29,-
Big Empty,Stone Temple Pilots,02:13,-
Big Gun,AC/DC,02:34,-
Big Log,Robert Plant,03:16,-
Big Shot,Billy Joel,02:17,-
Big Ten Inch,Aerosmith,03:05,-
Big Time,Peter Gabriel,03:15,-
Billion Dollar Babies,Alice Cooper,02:18,-
Birthday,The Beatles,02:52,-
Bitch,Rolling Stones,03:00,-
Black,Pearl Jam,02:18,-
Black Betty,Ram Jam,02:57,-
Black Coffee In Bed,Squeeze,02:09,-
Black Cow,Steely Dan,02:07,-
Black Dog,Led Zeppelin,03:14,-
Black Hole Sun,Soundgarden,03:16,-
Black Magic Woman,Santana,02:14,-
Black Mountain Side,Led Zeppelin,02:42,-
Black Velvet,Alannah Myles,02:32,-
Black Water,The Doobie Brothers,02:37,-
Blackbird,The Beatles,02:44,-
Blackout,Scorpions,02:09,-
Blaze of Glory,Bon Jovi,03:24,-
Blinded by the Light,Manfred Mann,02:34,-
Blister In the Sun,Violent Femmes,02:48,-
Blitzkrieg Bop,The Ramones,03:29,-
Bloody Well Right,Supertramp,03:11,-
Blue Collar Man,Styx,03:27,-
Blue Sky,Allman Brothers Band,02:38,-
Blurry,Puddle of Mudd,02:35,-
Bohemian Rhapsody,Queen,03:28,-
Bonzo's Montreaux,Led Zeppelin,02:18,-
Boogie With Stu,Led Zeppelin,03:07,-
Born In the U.S.A.,Bruce Springsteen,02:07,-
Born On the Bayou,Creedence Clearwater Revival,02:15,-
Born To Be My Baby,Bon Jovi,02:55,-
Born to Be Wild,Steppenwolf,03:22,-
Born To Run,Bruce Springsteen,02:58,-
Boulevard Of Broken Dreams,Green Day,02:27,-
Bound for the Floor,Local H,02:10,-
Brain Damage,Pink Floyd,03:06,-
Brain Damage /Eclipse,Pink Floyd,03:25,-
Brain Stew/Jaded,Green Day,02:01,-
Brass In Pocket,The Pretenders,03:10,-
Breadfan,Metallica,02:53,-
Break On Through,The Doors,02:59,-
Breakfast in America,Supertramp,02:55,-
Breaking the Girl,Red Hot Chili Peppers,02:46,-
Breaking The Law,Judas Priest,02:05,-
Breathe,Pink Floyd,02:18,-
Brickyard Road,Johnny Van Zant,02:30,-
Bridge of Sighs,Robin Trower,03:25,-
Bring It On Home,Led Zeppelin,02:27,-
Bron-y-aur Stomp,Led Zeppelin,02:48,-
Brothers In Arms,Dire Straits,03:07,-
Brown Eyed Girl,Van Morrison,02:48,-
Brown Sugar,Rolling Stones,02:51,-
Buddy Holly,Weezer,02:59,-
Bullet the Blue Sky,U2,03:15,-
Bullet With Butterfly Wings,Smashing Pumpkins,02:46,-
Bungle In The Jungle,Jethro Tull,02:42,-
Burden in My Hand,Soundgarden,02:31,-
Burn,Deep Purple,02:03,-
Burnin' for You,Blue Oyster Cult,02:40,-
Burnin' Sky,Bad Company,02:10,-
Burning Down the House,Talking Heads,02:52,-
By the Way,Red Hot Chili Peppers,02:04,-
Bye Bye Love,The Cars,03:13,-
CALIFORNIA DREAMIN',The Mamas ,02:33,-
Californication,Red Hot Chili Peppers,02:03,-
Call Me,Blondie,02:06,-
Call Me the Breeze,Lynyrd Skynyrd,02:49,-
Calling Dr. Love,Kiss,02:27,-
Candle in the Wind,Elton John,02:27,-
Can't Buy Me Love,The Beatles,03:08,-
Can't Find My Way Home,Blind Faith,03:13,-
Can't Get Enough,Bad Company,03:13,-
CAN'T GET IT OUT OF MY HEAD,Electric Light Orchestra,02:04,-
Can't Stand Losing You,The Police,03:07,-
Can't You Hear Me Knocking,Rolling Stones,02:44,-
Can't You See,The Marshall Tucker Band,02:56,-
Captain Fantastic,Elton John,03:17,-
Captain Jack,Billy Joel,02:36,-
Carry On Wayward Son,Kansas,02:44,-
CARS,Gary Numan,03:10,-
Casey Jones,Grateful Dead,02:17,-
Cat Scratch Fever,Ted Nugent,02:13,-
Cat's In The Cradle,Harry Chapin,03:12,-
Caught Up in You,.38 Special,02:18,-
Cecilia,Simon & Garfunkel,02:21,-
Celebration Day,Led Zeppelin,02:30,-
Centerfield,John Fogerty,02:46,-
Centerfold,J. Geils Band,02:39,-
Changes,Yes,03:19,-
Cheap Sunglasses,ZZ Top,02:52,-
Cherry Pie,Warrant,02:26,-
Chest Fever,The Band,03:24,-
Child In Time,Deep Purple,02:48,-
China Girl,David Bowie,02:47,-
China Grove,The Doobie Brothers,02:48,-
Cinnamon Girl,Neil Young,02:18,-
Civil War,Guns N' Roses,03:08,-
Clampdown,The Clash,02:50,-
Cliffs Of Dover,Eric Johnson,03:25,-
Close My Eyes Forever,Lita Ford,02:05,-
Closer To Home (I'm Your Captain),Grand Funk Railroad,02:04,-
Closer to the Heart,Rush,02:40,-
Cocaine,Eric Clapton,03:10,-
Cold As Ice,Foreigner,02:57,-
Cold Gin,Kiss,03:29,-
Cold Hard Bitch,Jet,02:49,-
Come As You Are,Nirvana,02:33,-
Come Dancing,The Kinks,02:49,-
Come Out and Play,The Offspring,02:43,-
Come Sail Away,Styx,03:29,-
Come Together,The Beatles,02:45,-
Comedown,Bush,03:24,-
Comfortably Numb,Pink Floyd,02:53,-
Coming Home,Cinderella,02:03,-
Coming Up,Paul McCartney & Wings,02:52,-
Communication Breakdown,Led Zeppelin,02:05,-
Conquistador,London Symphony Orchestra,02:22,-
Copperhead Road,Steve Earle,02:56,-
Counting Blue Cars,Dishwalla,02:35,-
Cover Me,Bruce Springsteen,03:24,-
Cowboy,Kid Rock,03:23,-
Cradle of Love,Billy Idol,02:53,-
Crazy,Aerosmith,02:21,-
Crazy Little Thing Called Love,Queen,02:25,-
CRAZY LOVE,Van Morrison,03:24,-
Crazy On You,Heart,03:00,-
Crazy Train,Ozzy Osbourne,02:27,-
Creep,Stone Temple Pilots,02:21,-
Crocodile Rock,Elton John,03:10,-
Cross-eyed Mary,Jethro Tull,02:05,-
Crossfire,Stevie Ray Vaughan,02:18,-
Crossroads,Cream,02:13,-
Crosstown Traffic,Jimi Hendrix,03:01,-
Crumblin' Down,John Mellencamp,03:22,-
Cry For A Shadow,The Beatles,03:22,-
Cryin',Aerosmith,02:06,-
Cult Of Personality,Living Colour,02:04,-
Custard Pie,Led Zeppelin,02:30,-
Cuts Like a Knife,Bryan Adams,02:52,-
Dance Little Sister,Rolling Stones,03:14,-
Dance the Night Away,Van Halen,02:15,-
Dancing Days,Led Zeppelin,02:11,-
Dancing In the Dark,Bruce Springsteen,02:13,-
Dancing In the Street,Van Halen,03:06,-
Dancing With Myself,Billy Idol,02:26,-
Dani California,Red Hot Chili Peppers,02:43,-
DANIEL,Elton John,02:04,-
Darlene,Led Zeppelin,02:17,-
Daughter,Pearl Jam,02:23,-
Day Tripper,The Beatles,03:09,-
Dazed and Confused,Led Zeppelin,02:35,-
Deacon Blues,Steely Dan,02:41,-
Dear Prudence,The Beatles,02:30,-
Desire,U2,03:05,-
Desperado,Eagles,03:15,-
Destroyer,The Kinks,02:33,-
Detroit Rock City,Kiss,03:21,-
Devil Inside,INXS,03:20,-
Devil With the Blue Dress On,Mitch Ryder,02:33,-
Diamond Dogs,David Bowie,02:23,-
Diary Of A Madman,Ozzy Osbourne,02:43,-
Dirty Deeds Done Dirt Cheap,AC/DC,03:03,-
Dirty Laundry,Don Henley,03:17,-
Dirty Water,The Standells,02:29,-
Dirty White Boy,Foreigner,03:07,-
Dirty Work,Steely Dan,03:22,-
Dissident,Pearl Jam,02:45,-
Dixie Chicken,Little Feat,02:27,-
Dixie/Sweet Home Alabama,Lynyrd Skynyrd,02:43,-
Do It Again,Steely Dan,02:28,-
Do Wah Diddy Diddy,Manfred Mann,02:19,-
Do You Feel Like We Do,Peter Frampton,02:47,-
Do You Remember Rock 'n' Roll Radio,The Ramones,02:59,-
Doctor My Eyes,Jackson Browne,03:08,-
Dog On A Leash,Adelitas Way,03:11,-
Dogs,Pink Floyd,02:56,-
Dolly Dagger,Jimi Hendrix,02:46,-
Domino,Van Morrison,03:29,-
Don't Ask Me No Questions,Lynyrd Skynyrd,02:35,-
Don't Come Around Here No More,Tom Petty & The Heartbreakers,03:26,-
Don't Do Me Like That,Tom Petty & The Heartbreakers,02:04,-
Don't Get Me Wrong,The Pretenders,03:19,-
Don't Go Away Mad (Just Go Away),Motley Crue,03:11,-
Don't Know What You Got,Cinderella,02:11,-
Don't Let Me Be Misunderstood,Animals II,02:49,-
Don't Let Me Down,The Beatles,03:15,-
Don't Let The Sun Go Down On Me,Elton John,03:04,-
Don't Look Back,Boston,03:26,-
Don't Stand So Close To Me,The Police,03:15,-
Don't Stop,Fleetwood Mac,02:54,-
Don't Stop Believin',Journey,03:05,-
Don't Stop Me Now,Queen,03:15,-
Don't Tell Me You Love Me,Night Ranger,02:23,-
Don't You,Simple Minds,02:22,-
Doo Doo Doo Doo Doo (Heartbreaker),Rolling Stones,03:25,-
Doom And Gloom,Rolling Stones,03:04,-
Double Vision,Foreigner,02:32,-
Down by the River,Neil Young,02:55,-
Down By The Seaside,Led Zeppelin,02:20,-
Down in a Hole,Alice In Chains,02:20,-
Down On the Corner,Creedence Clearwater Revival,03:23,-
Down To The Waterline,Dire Straits,02:25,-
Down Under,Men At Work,02:15,-
Dr. Feelgood,Motley Crue,03:28,-
Draw The Line,Aerosmith,02:02,-
Dream On,Aerosmith,02:59,-
Dream Weaver,Gary Wright,03:24,-
Dreamboat Annie,Heart,02:32,-
Dreamer,Supertramp,02:49,-
Drift Away,Dobie Gray,03:10,-
Drive,The Cars,03:12,-
Drive My Car,The Beatles,03:17,-
Driven to Tears,The Police,02:38,-
Driver's Seat,Sniff 'n' the Tears,02:15,-
Dude (Looks Like a Lady),Aerosmith,02:49,-
Dumb,Nirvana,03:12,-
Dust In The Wind,Kansas,03:24,-
D'Yer Mak'er,Led Zeppelin,03:21,-
Early 1970 [*],Ringo Starr,03:08,-
Edge of Seventeen,Stevie Nicks,03:03,-
Eight Days A Week,The Beatles,03:02,-
Eight Miles High,The Byrds,02:33,-
Eighteen,Alice Cooper,02:27,-
Elderly Woman Behind the Counter in a Small Town,Pearl Jam,02:37,-
Eleanor Rigby,The Beatles,02:19,-
Elected,Alice Cooper,03:24,-
Electric Eye,Judas Priest,02:14,-
Eminence Front,The Who,02:39,-
Emotional Rescue,Rolling Stones,03:23,-
Empty Spaces,Pink Floyd,03:28,-
Empty Spaces/young Lust,Pink Floyd,03:00,-
End of the Line,The Traveling Wilburys,03:22,-
Enjoy the Silence,Depeche Mode,02:03,-
Enter Sandman,Metallica,03:06,-
Entre Nous,Rush,03:14,-
Epic,Faith No More,03:22,-
Eruption - You Really Got Me,Van Halen,02:30,-
Europa,Santana,02:25,-
Even Better Than the Real Thing,U2,02:25,-
Even Flow,Pearl Jam,02:13,-
Everlong,Foo Fighters,03:05,-
Every Breath You Take,The Police,02:44,-
Every Little Thing She Does Is Magic,The Police,02:40,-
Every Picture Tells A Story,Rod Stewart,02:22,-
Every Rose Has Its Thorn,Poison,03:06,-
Everybody Wants Some!!,Van Halen,02:22,-
Everybody Wants to Rule the World,Tears for Fears,02:33,-
Everybody's Got Something To Hide Except Me And My Monk,The Beatles,03:12,-
Evil Ways,Santana,03:24,-
Evil Woman,Electric Light Orchestra,02:53,-
Expresso Love,Dire Straits,02:02,-
Eye In the Sky,The Alan Parsons Project,02:03,-
Eye of the Tiger,Survivor,02:42,-
Eyes Without a Face,Billy Idol,02:51,-
Fade To Black,Metallica,02:37,-
Fairies Wear Boots,Black Sabbath,03:24,-
Faithfully,Journey,02:09,-
Fame,David Bowie,02:07,-
Far Behind,Candlebox,02:37,-
Fashion,David Bowie,03:22,-
Fat Bottomed Girls,Queen,03:16,-
Fearless,Pink Floyd,02:47,-
Feeling Stronger Every,Chicago,02:58,-
Feeling That Way,Journey,02:16,-
Feels Like the First Time,Foreigner,02:36,-
Fell On Black Days,Soundgarden,02:42,-
Fire,Jimi Hendrix,02:43,-
Fire Down Below,Bob Seger,03:00,-
Fire On High,Electric Light Orchestra,02:16,-
Fire Woman,The Cult,03:30,-
Five To One,The Doors,03:26,-
Fixing A Hole,The Beatles,02:37,-
Flight Of Icarus,Iron Maiden,02:14,-
Fly Away,Lenny Kravitz,02:28,-
Fly By Night,Rush,02:52,-
Fly Like an Eagle,Steve Miller Band,03:22,-
Fly To The Angels,Slaughter,02:26,-
Flying High Again,Ozzy Osbourne,02:16,-
Fm no Static At All,Steely Dan,03:24,-
Follow You Follow Me,Genesis,02:12,-
Fool For The City,Foghat,03:25,-
Fool for Your Loving,Whitesnake,02:16,-
Fool In the Rain,Led Zeppelin,03:05,-
Fooled around and Fell in Love,Elvin Bishop,03:28,-
Fooling Yourself,Styx,02:07,-
For Those About To Rock,AC/DC,03:29,-
For What It's Worth,Buffalo Springfield,02:22,-
For Whom The Bell Tolls,Metallica,02:47,-
For Your Life,Led Zeppelin,02:02,-
Foreplay (Long Time),Boston,02:22,-
Forever Man,Eric Clapton,02:54,-
Fortress Around Your Heart,Sting,03:18,-
Fortunate Son,Creedence Clearwater Revival,03:10,-
Found Out About You,Gin Blossoms,03:04,-
Four Sticks,Led Zeppelin,02:38,-
Foxey Lady,Jimi Hendrix,03:10,-
Free Bird,Lynyrd Skynyrd,03:18,-
Free Fallin',Tom Petty & The Heartbreakers,02:43,-
Free for All,Ted Nugent,02:49,-
Free Ride,Edgar Winter Group,02:03,-
Freeway Jam,Jeff Beck,03:07,-
Freewill,Rush,02:41,-
Freeze-frame,J. Geils Band,02:30,-
Friend Of The Devil,Grateful Dead,03:05,-
Friends,Led Zeppelin,03:19,-
From Me To You,The Beatles,02:12,-
Fuel,Metallica,02:43,-
Funeral for a Friend (Love Lies Bleeding),Elton John,02:32,-
Gallows Pole,Led Zeppelin,03:17,-
Games People Play,The Alan Parsons Project,02:07,-
Games Without Frontiers,Peter Gabriel,02:26,-
Get Back,The Beatles,03:09,-
Get It While You Can,Janis Joplin,03:23,-
Get Off My Cloud,Rolling Stones,02:53,-
Get Off Of My Cloud,Rolling Stones,02:36,-
Get Together,The Youngbloods,02:38,-
Getting Better,The Beatles,02:33,-
Gimme All Your Lovin,ZZ Top,02:22,-
Gimme Back My Bullets,Lynyrd Skynyrd,02:26,-
Gimme Shelter,Rolling Stones,02:20,-
GIMME SOME LOVIN',Spencer Davis Group,02:50,-
Gimme Three Steps,Lynyrd Skynyrd,02:18,-
GIRL,The Beatles,03:11,-
Give a Little Bit,Supertramp,02:06,-
Give It Away,Red Hot Chili Peppers,03:10,-
Give It To Me,J. Geils Band,02:32,-
Give Me Love,George Harrison,02:22,-
Glory Days,Bruce Springsteen,02:55,-
Go Your Own Way,Fleetwood Mac,03:08,-
God Save The Queen,Sex Pistols,02:40,-
Godzilla,Blue Oyster Cult,03:28,-
Goin' up the Country,Canned Heat,02:02,-
Going Mobile,The Who,02:28,-
Going to California,Led Zeppelin,02:58,-
Gold Dust Woman,Fleetwood Mac,02:11,-
Gold On The Ceiling,The Black Keys,02:52,-
Golden Slumbers,The Beatles,02:04,-
Golden Years,David Bowie,03:03,-
Good Clean Fun,Allman Brothers Band,02:22,-
Good Day Sunshine,The Beatles,03:12,-
Good Riddance (Time Of Your Life),Green Day,02:20,-
Good Times Bad Times,Led Zeppelin,02:14,-
Good Vibrations,The Beach Boys,02:26,-
Goodbye Blue Sky,Pink Floyd,02:33,-
Goodbye Daughters of the Revolution,The Black Crowes,03:17,-
Goodbye Stranger,Supertramp,02:01,-
Goodbye To Romance,Ozzy Osbourne,03:26,-
Goodbye Yellow Brick Road,Elton John,02:03,-
Goodnight Saigon,Billy Joel,02:18,-
Got Me Under Pressure,ZZ Top,02:22,-
GOT MY MIND SET ON YOU,George Harrison,03:21,-
Got To Get You Into My Life,The Beatles,02:37,-
Green Eyed Lady,Sugarloaf,02:49,-
Green Grass & High Tides,The Outlaws,02:56,-
Green Onions,Booker T. and the MG's,02:55,-
Green River,Creedence Clearwater Revival,03:05,-
Grey Ghost,Henry Paul Band,02:21,-
Growin' Up,Bruce Springsteen,03:00,-
Gypsy,Fleetwood Mac,03:11,-
Gypsy Road,Cinderella,02:09,-
Hair Of The Dog,Nazareth,02:35,-
Hand In My Pocket,Alanis Morissette,03:20,-
Hand of Fate,Rolling Stones,02:54,-
Handle with Care,The Traveling Wilburys,02:29,-
Hang Fire,Rolling Stones,03:07,-
Happy,Rolling Stones,02:45,-
Happy Jack,The Who,03:08,-
Happy Together,Turtles,03:28,-
Hard As A Rock,AC/DC,02:48,-
Hard To Handle,The Black Crowes,03:12,-
Harmony,Elton John,02:30,-
Harvester Of Sorrow,Metallica,02:42,-
Hats Off To roy Harper,Led Zeppelin,03:12,-
Have a Cigar,Pink Floyd,02:45,-
Have a Drink On Me,AC/DC,02:21,-
Have You Ever Seen the Rain?,Creedence Clearwater Revival,02:55,-
Head Over Heels,Tears for Fears,03:12,-
HEARD IT IN A LOVE SONG,The Marshall Tucker Band,02:39,-
Heard It On the X,ZZ Top,02:15,-
Heart of Glass,Blondie,02:26,-
Heart of Gold,Neil Young,02:51,-
Heartache Tonight,Eagles,02:18,-
Heartbreaker/living Loving Maid she's Just A Woman,Led Zeppelin,02:27,-
Heat of the Moment,Asia,02:07,-
Heaven,Bryan Adams,03:26,-
Heaven and Hell,Black Sabbath,03:25,-
Helen Wheels,Paul McCartney & Wings,02:04,-
Hell Is for Children,Pat Benatar,02:02,-
Hello Again,The Cars,02:33,-
Hello Goodbye,The Beatles,02:50,-
Hello It's Me,Todd Rundgren,02:24,-
Hells Bells,AC/DC,02:47,-
Help!,The Beatles,02:52,-
Helter Skelter,The Beatles,02:58,-
Her Strut,Bob Seger,02:18,-
Here Comes My Girl,Tom Petty & The Heartbreakers,02:52,-
Here Comes The Sun,The Beatles,03:20,-
Here I Go Again,Whitesnake,03:18,-
Hero of the Day,Metallica,02:10,-
Heroes,David Bowie,02:14,-
Hey Hey What Can I Do,Led Zeppelin,02:37,-
Hey Jealousy,Gin Blossoms,02:01,-
Hey Joe,Jimi Hendrix,03:26,-
Hey Jude,The Beatles,02:09,-
Hey Nineteen,Steely Dan,02:41,-
Hey You,Pink Floyd,02:39,-
High Enough,Damn Yankees,03:07,-
Higher,Creed,03:22,-
Higher Love,Steve Winwood,02:07,-
Highway Star,Deep Purple,03:04,-
Highway To Hell,AC/DC,02:34,-
Hit Me With Your Best Shot,Pat Benatar,03:12,-
Hitch A Ride,Boston,02:10,-
Hocus Pocus,Focus,02:01,-
Hold Me,Fleetwood Mac,02:48,-
Hold On,Triumph,02:52,-
Hold On Loosely,.38 Special,02:51,-
Hold The Line,Toto,02:29,-
Hold Your Head Up,Argent,02:42,-
Holiday (Live),Green Day,03:09,-
Holiday / Boulevard of Broken Dreams,Green Day,02:27,-
Hollywood Nights,Bob Seger,02:40,-
Home by the Sea/Second Home by the Sea,Genesis,02:16,-
Home Sweet Home,Motley Crue,03:07,-
Honky Cat,Elton John,02:14,-
Honky Tonk Women,Rolling Stones,03:02,-
Hot Blooded,Foreigner,03:19,-
Hot Dog,Led Zeppelin,03:23,-
Hot for Teacher,Van Halen,02:10,-
Hot Rod Lincoln,Commander Cody,03:03,-
Hotel California,Eagles,03:03,-
House Of Pain,Faster Pussycat,02:57,-
House Of The Rising Sun,The Animals,03:20,-
Houses of the Holy,Led Zeppelin,02:41,-
How Can I Refuse,Heart,03:08,-
How Long,Ace,02:19,-
How Many More Times,Led Zeppelin,02:47,-
How You Remind Me,Nickelback,02:35,-
Hunger Strike,Temple of the Dog,02:12,-
Hungry Heart,Bruce Springsteen,03:27,-
Hurts So Good,John Mellencamp,03:29,-
Hush,Deep Purple,03:03,-
Hypnotized,Fleetwood Mac,03:19,-
Hysteria,Def Leppard,03:26,-
I Am the Walrus,The Beatles,02:39,-
I CAN SEE CLEARLY NOW,Johnny Nash,03:23,-
I Can See For Miles,The Who,02:49,-
I Can't Drive 55,Sammy Hagar,03:18,-
I CAN'T EXPLAIN,The Who,02:58,-
I Can't Fight This Feeling,REO Speedwagon,03:00,-
I Can't Quit You Baby,Led Zeppelin,02:18,-
I Can't Stand It,Eric Clapton,02:31,-
I Can't Tell You Why,Eagles,03:08,-
I Don't Know,Ozzy Osbourne,03:22,-
I Don't Want To Know,Fleetwood Mac,02:38,-
I Drink Alone,George Thorogood,03:08,-
I Feel Fine,The Beatles,02:29,-
I Hate Myself For Loving You,Joan Jett,02:23,-
I HEAR YOU KNOCKING,Dave Edmunds,02:24,-
I Know a Little,Lynyrd Skynyrd,02:45,-
I Love Rock 'n Roll,Joan Jett,02:38,-
I Love the Night,Blue Oyster Cult,02:41,-
I Melt With You,Modern English,02:14,-
I Need A Lover,John Mellencamp,02:05,-
I Remember You,Skid Row,02:46,-
I Saw Her Standing There,The Beatles,03:26,-
I Saw the Light,Todd Rundgren,03:01,-
I Shot The Sheriff,Eric Clapton,02:44,-
I Still Haven't Found What I'm Looking For,U2,03:21,-
I Wanna Be Sedated,The Ramones,02:24,-
I Wanna Rock,Twisted Sister,02:46,-
I Want A New Drug,Huey Lewis & The News,02:10,-
I Want To Hold Your Hand,The Beatles,03:26,-
I Want to Know What Love Is,Foreigner,02:23,-
I Want You (She's So Heavy),The Beatles,03:30,-
I Want You to Want Me,Cheap Trick,03:13,-
I Will Follow,U2,02:04,-
I Won't Back Down,Tom Petty & The Heartbreakers,02:15,-
Ice Cream Man,Van Halen,03:03,-
I'd Love To Change The World,Ten Years After,03:26,-
If You Wanna Get to Heaven,Ozark Mountain Daredevils,03:12,-
I'll Follow The Sun,The Beatles,03:26,-
I'm A Loser,The Beatles,02:30,-
I'm A Man,The Spencer Davis Group,03:22,-
I'm Alright,Kenny Loggins,03:15,-
I'm Down,The Beatles,03:04,-
I'm Eighteen,Alice Cooper,02:34,-
I'm Free,The Who,03:25,-
I'm No Angel,Gregg Allman,03:17,-
I'm On Fire,Bruce Springsteen,03:17,-
I'm So Glad,Cream,03:28,-
I'm the One,Van Halen,02:38,-
I'm the Only One,Melissa Etheridge,02:21,-
Imagine,John Lennon,03:04,-
Immigrant Song,Led Zeppelin,03:10,-
In a Big Country,Big Country,03:16,-
In A Gadda Da Vida,Iron Butterfly,02:05,-
In America,Charlie Daniels Band,02:13,-
In Bloom,Nirvana,03:12,-
In Memory Of Elizabeth Reed,Allman Brothers Band,02:37,-
IN MY LIFE,The Beatles,02:38,-
In My Time of Dying,Led Zeppelin,02:02,-
In the Air Tonight,Phil Collins,03:16,-
In the Evening,Led Zeppelin,02:39,-
In the Light,Led Zeppelin,02:26,-
In the Summertime,Mungo Jerry,03:29,-
In Your Eyes,Peter Gabriel,03:04,-
Industrial Disease,Dire Straits,03:26,-
Instant Karma,John Lennon,02:07,-
Interstate Love Song,Stone Temple Pilots,02:47,-
Into The Mystic,Van Morrison,02:27,-
Invincible,Pat Benatar,03:03,-
Invisible Sun,The Police,02:28,-
Iris,The Goo Goo Dolls,03:10,-
Iron Man,Black Sabbath,02:40,-
Is She Really Going Out With Him?,Joe Jackson,02:44,-
Is This Love,Whitesnake,02:46,-
Isn't It Time,The Babys,02:04,-
It Can Happen,Yes,03:27,-
It Don't Come Easy,Ringo Starr,03:03,-
IT WON'T BE LONG,The Beatles,02:27,-
Itchycoo Park,The Small Faces,02:00,-
It's A Long Way To The Top,AC/DC,02:55,-
IT'S ALL OVER NOW,Rolling Stones,03:04,-
It's Been Awhile,Staind,02:20,-
It's Hard to Be a Saint in the City,Bruce Springsteen,02:42,-
It's In The Way That You Use It,Eric Clapton,03:24,-
It's Only Rock 'n Roll,Rolling Stones,02:05,-
It's Still Rock And Roll To Me,Billy Joel,02:47,-
It's the End of the World As We Know It (And I Feel Fine),R.E.M.,02:07,-
IT'S TOO LATE,Carole King,03:17,-
I've Got A Feeling,The Beatles,03:10,-
I've Just Seen A Face,The Beatles,02:04,-
I've Seen All Good People,Yes,02:16,-
Jack & Diane,John Mellencamp,02:09,-
Jackie Blue,Ozark Mountain Daredevils,03:26,-
Jaded,Aerosmith,02:30,-
Jailbreak,Thin Lizzy,02:47,-
Jamie's Cryin',Van Halen,02:03,-
Jammin' Me,Tom Petty & The Heartbreakers,02:47,-
Jane,Jefferson Starship,03:09,-
Jane Says,Jane's Addiction,02:09,-
Janie's Got A Gun,Aerosmith,03:04,-
Jeepster,T. Rex,03:22,-
Jeremy,Pearl Jam,03:14,-
Jessica,Allman Brothers Band,02:12,-
Jessie's Girl,Rick Springfield,03:04,-
Jesus Is Just Alright,The Doobie Brothers,02:50,-
Jesus Just Left Chicago,ZZ Top,03:22,-
Jet Airliner,Steve Miller Band,02:50,-
Jet City Woman,Queensryche,02:58,-
Jingo,Santana,02:33,-
Joe's Garage,Frank Zappa,03:16,-
JOHNNY B. GOODE,Chuck Berry,02:05,-
Join Together,The Who,02:13,-
Journey to the Center of the Mind,The Amboy Dukes,02:47,-
Juke Box Hero,Foreigner,03:11,-
Jump,Van Halen,03:24,-
Jumpin' Jack Flash,Rolling Stones,02:46,-
Jungle Love,Steve Miller Band,02:39,-
Jungleland,Bruce Springsteen,03:06,-
Junior's Farm,Paul McCartney & Wings,03:24,-
Just A Gigolo / I Ain't Got Nobody,David Lee Roth,02:59,-
Just Like A Woman,Bob Dylan,02:11,-
Just What I Needed,The Cars,03:16,-
Kashmir,Led Zeppelin,02:52,-
Katmandu,Bob Seger,03:24,-
Keep On Loving You,REO Speedwagon,03:03,-
Keep Talking,Pink Floyd,03:20,-
Keep Your Hands To Yourself,Georgia Satellites,02:48,-
Keep Yourself Alive,Queen,02:10,-
Kentucky Woman,Deep Purple,02:43,-
Kickstart My Heart,Motley Crue,02:26,-
Killer Queen,Queen,02:04,-
King Of Pain,The Police,02:41,-
Kiss Me Deadly,Lita Ford,03:15,-
Knockin' On Heaven's Door,Bob Dylan,02:30,-
Knocking At Your Backdoo,Deep Purple,03:07,-
Kodachrome,Paul Simon,03:08,-
Kryptonite,3 Doors Down,02:04,-
L.A. Woman,The Doors,02:23,-
La Grange,ZZ Top,03:29,-
Lady,Styx,03:14,-
Lady Madonna,The Beatles,02:55,-
Lady Writer,Dire Straits,03:27,-
Land Of Confusion,Genesis,03:21,-
Landslide,Fleetwood Mac,02:36,-
Last Child,Aerosmith,02:58,-
Last Kiss,Pearl Jam,03:19,-
Lay Down Sally,Eric Clapton,03:11,-
Lay Your Hands On Me,Bon Jovi,02:23,-
Layla,Derek & The Dominos,02:43,-
Lazy,Deep Purple,02:44,-
Learn To Fly,Foo Fighters,02:53,-
Leather and Lace,Stevie Nicks,02:25,-
Leave It,Yes,02:13,-
Legs,ZZ Top,02:08,-
Let It Be,The Beatles,03:21,-
Let It Bleed,Rolling Stones,03:16,-
Let It Grow,Eric Clapton,02:19,-
Let It Rain,Eric Clapton,02:11,-
Let It Ride,Bachman-Turner Overdrive,03:29,-
Let Me Roll It,Paul McCartney & Wings,02:27,-
Let Me Take You Home Tonight,Boston,03:06,-
Let My Love Open the Door,Pete Townshend,02:53,-
Let the Music Do the Talking,Aerosmith,02:46,-
Let There Be Rock,AC/DC,03:18,-
Let's Dance,David Bowie,02:31,-
Let's Go,The Cars,03:18,-
Let's Ride,Kid Rock,02:23,-
Let's Spend the Night Together,Rolling Stones,02:24,-
Levon,Elton John,03:17,-
Lick It Up,Kiss,02:56,-
Lido Shuffle,Boz Scaggs,02:15,-
Life During Wartime,Talking Heads,02:15,-
Life Is a Highway,Tom Cochrane,02:46,-
Light My Fire,The Doors,03:23,-
Light Up,Styx,03:30,-
Lightning Bolt,Pearl Jam,02:05,-
Lightning Crashes,Live,02:37,-
Lights,Journey,02:48,-
Lights Out (Live),UFO,02:36,-
Like a Hurricane,Neil Young,02:35,-
Like a Rolling Stone,Bob Dylan,02:12,-
Like a Stone,Audioslave,03:29,-
Limelight,Rush,02:45,-
Listen To The Music,The Doobie Brothers,02:57,-
Lithium,Nirvana,03:29,-
LITTLE CHILD,The Beatles,02:58,-
Little Guitars,Van Halen,03:13,-
Little Lies,Fleetwood Mac,03:07,-
Little Wing,Jimi Hendrix,02:21,-
Live and Let Die,Paul McCartney & Wings,02:26,-
Livin' On A Prayer,Bon Jovi,02:35,-
Livin' On The Edge,Aerosmith,03:02,-
Livin' Thing,Electric Light Orchestra,02:10,-
Living After Midnight,Judas Priest,02:41,-
Living In The Past,Jethro Tull,02:21,-
Living Loving Maid (She's Just a Woman),Led Zeppelin,02:18,-
Load Out/Stay,Jackson Browne,02:57,-
Loco-Motion,Grand Funk Railroad,02:30,-
Locomotive Breath,Jethro Tull,02:13,-
Lodi,Creedence Clearwater Revival,02:41,-
Lola,The Kinks,02:40,-
London Calling,The Clash,03:14,-
Lonely Boy,The Black Keys,02:17,-
Lonely Is the Night,Billy Squier,03:13,-
Lonely Ol' Night,John Mellencamp,02:43,-
Long Cool Woman,Hollies,02:11,-
Long Distance Runaround,Yes,03:05,-
Long Haired Country Boy,Charlie Daniels Band,02:31,-
Long Live Rock,The Who,02:56,-
Long Train Runnin',The Doobie Brothers,02:02,-
Longview,Green Day,02:39,-
Lookin' Out My Back Door,Creedence Clearwater Revival,02:35,-
Lorelei,Styx,02:23,-
Loser,Beck,02:03,-
Losing My Religion,R.E.M.,03:10,-
Love Bites,Def Leppard,02:20,-
Love Her Madly,The Doors,02:03,-
Love Hurts,Nazareth,03:02,-
Love In An Elevator,Aerosmith,02:47,-
Love Is A Battlefield,Pat Benatar,03:28,-
Love Is Like A Rock,Donnie Iris,02:28,-
Love Is Like Oxygen,Sweet,02:58,-
Love Me Do,The Beatles,02:04,-
Love Me Two Times,The Doors,02:56,-
Love Reign O'er Me,The Who,02:53,-
Love Shack,The B-52's,03:08,-
Love Song,Tesla,02:09,-
Love Walks In,Van Halen,02:26,-
Lovely Rita,The Beatles,03:09,-
Loves Me Like a Rock,Paul Simon,02:59,-
Low,Cracker,02:44,-
Low Rider,War,02:20,-
Lowdown,Boz Scaggs,02:10,-
Lucy In The Sky With Diamonds,The Beatles,02:06,-
Lunatic Fringe,Red Rider,03:28,-
Lust for Life,Iggy Pop,02:38,-
Lyin' Eyes,Eagles,03:13,-
Machinehead,Bush,02:25,-
Madman Across The Water,Elton John,02:44,-
Maggie May,Rod Stewart,02:28,-
Maggot Brain,Funkadelic,03:13,-
Magic,The Cars,02:36,-
Magic Bus,The Who,02:48,-
Magic Carpet Ride,Steppenwolf,02:34,-
Magic Man,Heart,02:25,-
Magical Mystery Tour,The Beatles,02:14,-
Mainstreet,Bob Seger,03:28,-
Make Me Smile,Chicago,02:37,-
Mama,Genesis,02:37,-
Mama Kin,Aerosmith,03:01,-
Man In The Box,Alice In Chains,03:20,-
Man On The Corner,Genesis,02:30,-
Man On the Moon,R.E.M.,03:21,-
Man On The Silver Mountain,Rainbow,02:54,-
Manic Depression,Jimi Hendrix,03:19,-
Margaritaville,Jimmy Buffett,03:15,-
Mary Jane's Last Dance,Tom Petty & The Heartbreakers,02:16,-
Master of Puppets,Metallica,02:06,-
Maxwell's Silver Hammer,The Beatles,03:19,-
Maybe I'm Amazed,Paul McCartney & Wings,03:23,-
Me and Bobby McGee,Janis Joplin,03:11,-
Me And Julio Down By The Schoolyard,Paul Simon,02:51,-
Melissa,Allman Brothers Band,03:10,-
Message In A Bottle,The Police,02:58,-
Metal Health,Quiet Riot,02:35,-
Miami 2017 seen The Lights Go Out On Broadway (live 1,Billy Joel,02:24,-
Middle Of The Road,The Pretenders,02:38,-
Midnight Rambler,Rolling Stones,02:04,-
Midnight Rider,Gregg Allman,02:16,-
Miss You,Rolling Stones,03:25,-
Mississippi Queen,Mountain,02:22,-
Misty Mountain Hop,Led Zeppelin,02:22,-
Misunderstanding,Genesis,03:28,-
MLK/Pride,U2,02:47,-
Moby Dick,Led Zeppelin,03:19,-
Modern Love,David Bowie,03:21,-
Monday Morning,Fleetwood Mac,02:02,-
Money,Pink Floyd,02:06,-
Money for Nothing,Dire Straits,03:07,-
Monkey Man,Rolling Stones,02:24,-
Monkey Wrench,Foo Fighters,03:25,-
Monterey,The Animals,03:25,-
Moondance,Van Morrison,03:01,-
Moonlight Drive,The Doors,03:01,-
More Than a Feeling,Boston,02:21,-
More Than Words,Extreme,02:38,-
Mother,Pink Floyd,02:18,-
Mother's Little Helper,Rolling Stones,02:03,-
Move Over,Janis Joplin,02:36,-
Movin' Out (Anthony's Song),Billy Joel,02:21,-
Moving In Stereo,The Cars,03:18,-
Mr. Brownstone,Guns N' Roses,02:16,-
Mr. Crowley,Ozzy Osbourne,02:10,-
Mr. Jones,Counting Crows,02:58,-
Mr. Soul,Buffalo Springfield,02:36,-
Mr. Tinkertrain,Ozzy Osbourne,02:10,-
Mrs. Robinson,Simon & Garfunkel,03:17,-
My City Was Gone,The Pretenders,02:32,-
My Generation,The Who,03:09,-
My Hero,Foo Fighters,02:07,-
My Life,Billy Joel,02:38,-
My Love,Paul McCartney & Wings,03:24,-
My Michelle,Guns N' Roses,02:11,-
My Own Worst Enemy,Lit,03:13,-
My Sharona,The Knack,02:23,-
My Sweet Lord,George Harrison,02:40,-
Mysterious Ways,U2,03:28,-
N.i.b.,Black Sabbath,02:09,-
Need You Tonight,INXS,02:43,-
Neon Knights,Black Sabbath,02:41,-
Never Been Any Reason,Head East,02:57,-
Never Going Back Again,Fleetwood Mac,02:37,-
New Kid In Town,Eagles,02:55,-
New World Man,Rush,02:43,-
New Year's Day,U2,02:15,-
New York State Of Mind,Billy Joel,02:03,-
NIGHT FLIGHT,Led Zeppelin,02:55,-
Night Moves,Bob Seger,02:36,-
Night Prowler,AC/DC,02:15,-
No Excuses,Alice In Chains,02:46,-
No Leaf Clover,Metallica,02:13,-
No Matter What,Badfinger,02:33,-
No More Mr. Nice Guy,Alice Cooper,02:46,-
No More No More,Aerosmith,02:21,-
No More Tears,Ozzy Osbourne,02:49,-
No No Song,Ringo Starr,02:29,-
No One Knows,Queens of the Stone Age,02:18,-
No One Like You,Scorpions,02:11,-
No One to Depend On,Santana,03:27,-
No One to Run With,Allman Brothers Band,03:15,-
No Quarter,Led Zeppelin,02:04,-
No Rain,Blind Melon,02:29,-
No Reply At All,Genesis,02:24,-
No Sleep Till Brooklyn,Beastie Boys,02:41,-
No Sugar Tonight / New Mother Nature,Guess Who,03:26,-
Nobody's Fool,Cinderella,02:17,-
Norwegian Wood,The Beatles,02:12,-
Not for You,Pearl Jam,02:06,-
Nothin' But A Good Time,Poison,02:16,-
Nothing Else Matters,Metallica,02:19,-
November Rain,Guns N' Roses,03:15,-
NOWHERE MAN,The Beatles,02:53,-
OH DARLING,The Beatles,02:56,-
Oh Sherrie,Steve Perry,02:34,-
Oh Well,Fleetwood Mac,02:25,-
Old Man,Neil Young,02:55,-
Old Time Rock & Roll,Bob Seger,02:35,-
On a Plain,Nirvana,02:11,-
On the Dark Side,John Cafferty,03:28,-
On the Road Again,Canned Heat,03:11,-
On The Turning Away,Pink Floyd,02:29,-
Once In A Lifetime,Talking Heads,02:20,-
One Headlight,The Wallflowers,02:06,-
One Love,Bob Marley,03:24,-
One Of These Days,Pink Floyd,02:15,-
One of These Nights,Eagles,02:32,-
One Slip,Pink Floyd,02:41,-
One Thing Leads To Another,The Fixx,03:17,-
One Vision,Queen,03:30,-
One Way Or Another,Blondie,03:26,-
Only The Good Die Young,Billy Joel,03:27,-
Only the Young,Journey,03:00,-
Only Time Will Tell,Asia,03:06,-
Ooh La La,Faces,02:33,-
Open Arms,Journey,03:09,-
Orange Crush,R.E.M.,02:27,-
Ordinary Average Guy,Joe Walsh,02:11,-
Out On The Tiles,Led Zeppelin,02:01,-
Over the Hills and Far Away,Led Zeppelin,02:15,-
Over the Mountain,Ozzy Osbourne,02:46,-
Owner of a Lonely Heart,Yes,02:35,-
Oye Como Va,Santana,03:02,-
P.s. I Love You,The Beatles,02:42,-
Paint It Black,Rolling Stones,02:04,-
Panama,Van Halen,03:30,-
Paper in Fire,John Mellencamp,02:58,-
Paperback Writer,The Beatles,02:25,-
Paradise By The Dashboard Light,Meat Loaf,02:55,-
Paradise City,Guns N' Roses,03:14,-
Paranoid,Black Sabbath,02:55,-
Patience,Guns N' Roses,02:26,-
Peace Frog,The Doors,03:24,-
Peace of Mind,Boston,02:11,-
Peaceful Easy Feeling,Eagles,02:12,-
Pearl Necklace,ZZ Top,02:22,-
Peg,Steely Dan,02:28,-
Penny Lane,The Beatles,02:35,-
People Are Strange,The Doors,02:29,-
Perry Mason,Ozzy Osbourne,02:29,-
Persephone,Wishbone Ash,02:55,-
Piano Man,Billy Joel,02:54,-
Piece of My Heart,Janis Joplin,02:07,-
Pinball Wizard,The Who,02:48,-
Pink,Aerosmith,03:28,-
Pink Cadillac,Bruce Springsteen,02:08,-
Pink Houses,John Mellencamp,02:12,-
PLAY THAT FUNKY MUSIC,Wild Cherry,02:17,-
Play the Game Tonight,Kansas,02:28,-
Please Please Me,The Beatles,02:12,-
Plush,Stone Temple Pilots,02:31,-
Point of Know Return,Kansas,02:18,-
Polly,Nirvana,02:12,-
Positively 4th Street,Bob Dylan,03:00,-
Poundcake,Van Halen,02:24,-
Pour Some Sugar On Me,Def Leppard,02:08,-
Powderfinger,Neil Young,02:55,-
Presence of the Lord,Blind Faith,02:58,-
Pretending,Eric Clapton,02:34,-
Pride (In the Name of Love),U2,02:40,-
Pride And Joy,Stevie Ray Vaughan,02:39,-
Proud Mary,Creedence Clearwater Revival,02:16,-
Prove It All Night,Bruce Springsteen,02:19,-
Psycho Killer,Talking Heads,03:15,-
Pulling Mussels,Squeeze,02:57,-
Pump It Up,Elvis Costello,02:58,-
Purple Haze,Jimi Hendrix,02:38,-
Put Your Lights On (feat. Everlast),Santana,03:11,-
Question,The Moody Blues,03:20,-
Questions 67 and 68,Chicago,03:25,-
R.O.C.K. In the U.S.A.,John Mellencamp,02:46,-
Racing in the Streets,Bruce Springsteen,03:24,-
Radar Love,Golden Earring,02:49,-
Rag Doll,Aerosmith,02:10,-
Rain On The Scarecrow,John Mellencamp,02:36,-
Ramble On,Led Zeppelin,02:42,-
Ramblin' Gamblin' Man,Bob Seger,02:30,-
Ramblin' Man,Allman Brothers Band,02:04,-
Reason to Believe,Rod Stewart,02:43,-
Rebel Rebel,David Bowie,02:43,-
Rebel Yell,Billy Idol,02:16,-
Red,Sammy Hagar,02:16,-
Red Barchetta,Rush,02:56,-
Red House,Jimi Hendrix,03:02,-
Red Rain,Peter Gabriel,03:04,-
Red Red Wine,UB40,02:29,-
Redneck Friend,Jackson Browne,02:14,-
Reelin' in the Years,Steely Dan,02:08,-
Refugee,Tom Petty & The Heartbreakers,02:23,-
Renegade,Styx,03:21,-
Reprise / Day in the Life,The Beatles,02:01,-
Revolution,The Beatles,02:34,-
Rhiannon,Fleetwood Mac,02:08,-
Ride My See Saw,The Moody Blues,03:29,-
Riders On The Storm,The Doors,02:09,-
Right Down the Line,Gerry Rafferty,02:58,-
Right Here Right Now,Jesus Jones,03:06,-
Right Now,Van Halen,03:24,-
Right Place Wrong Time,Dr. John,02:26,-
Rikki Don't Lose That Number,Steely Dan,03:07,-
Rio,Duran Duran,02:42,-
Road To Nowhere,Ozzy Osbourne,02:36,-
Roadhouse Blues,The Doors,03:23,-
Roadrunner,Jonathan Richman,02:46,-
Rock & Roll Band,Boston,02:03,-
Rock and Roll,Led Zeppelin,03:26,-
Rock and Roll Ain't Noise Pollution,AC/DC,02:38,-
Rock And Roll All Nite,Kiss,03:04,-
Rock And Roll Never Forgets,Bob Seger,03:28,-
Rock Around the Clock,Bill Haley,02:16,-
Rock Candy,Montrose,02:41,-
Rock Me Tonight,Billy Squier,02:50,-
Rock 'N Me,Steve Miller Band,03:03,-
Rock of Ages,Def Leppard,02:30,-
Rock On,David Essex,02:40,-
Rock The Casbah,The Clash,02:35,-
Rock You Like a Hurricane,Scorpions,02:51,-
Rocket,Def Leppard,02:04,-
Rocket Man,Elton John,02:33,-
Rockin' Down The Highway,The Doobie Brothers,03:28,-
Rockin' In the Free World,Neil Young,02:16,-
Rockin' Into the Night,.38 Special,02:46,-
Rockstar,Nickelback,02:40,-
Rocky Mountain Way,Joe Walsh,02:07,-
Rocky Raccoon,The Beatles,03:22,-
Roll With It,Steve Winwood,02:34,-
Romeo And Juliet,Dire Straits,02:02,-
Rooster,Alice In Chains,02:34,-
Rosalita (Come Out Tonight),Bruce Springsteen,02:35,-
Rough Boys,Pete Townshend,03:22,-
Round and Round,Ratt,02:54,-
Roundabout,Yes,02:16,-
Roxanne,The Police,02:04,-
Royal Orleans,Led Zeppelin,02:21,-
Run Like Hell,Pink Floyd,03:10,-
Run Through the Jungle,Creedence Clearwater Revival,03:26,-
Run To The Hills,Iron Maiden,02:14,-
Run to You,Bryan Adams,02:37,-
Runaway,Bon Jovi,02:09,-
Runnin' Down a Dream,Tom Petty & The Heartbreakers,02:15,-
Runnin' with the Devil,Van Halen,03:29,-
Running On Empty,Jackson Browne,03:00,-
Sad But True,Metallica,02:39,-
Same Ol' Situation,Motley Crue,02:44,-
Same Old Song and Dance,Aerosmith,03:19,-
San Franciscan Nights,The Animals,02:47,-
Santa Monica,Everclear,02:39,-
Sara,Fleetwood Mac,02:01,-
Saturday In the Park,Chicago,03:25,-
Saturday Night Special,Lynyrd Skynyrd,02:32,-
Saturday Night's Alright for Fighting,Elton John,02:02,-
Saved By Zero,The Fixx,03:24,-
Scar Tissue,Red Hot Chili Peppers,02:00,-
Scenes From An Italian Restaurant,Billy Joel,03:17,-
School's Out,Alice Cooper,02:06,-
Scuttle Buttin',Stevie Ray Vaughan,03:00,-
Seagull,Bad Company,02:19,-
Season of the Witch,Donovan,02:40,-
Seasons of Wither,Aerosmith,02:19,-
Second Hand News,Fleetwood Mac,03:10,-
See Emily Play,Pink Floyd,02:46,-
Seek & Destroy,Metallica,03:14,-
Self Esteem,The Offspring,02:15,-
Semi-Charmed Life,Third Eye Blind,02:57,-
Send Her My Love,Journey,03:16,-
Separate Ways (Worlds Apart),Journey,03:29,-
Set The Controls For The Heart Of The Sun,Pink Floyd,02:59,-
Seven Bridges Road,Eagles,02:49,-
Seven Nation Army,The White Stripes,02:58,-
Sex On Fire,Kings of Leon,03:20,-
Sgt. Pepper Inner Groove,The Beatles,03:16,-
Sgt. Pepper/a Day In The Life,The Beatles,02:32,-
Sgt. Pepper/with A Little Help From My Friends,The Beatles,02:00,-
Sgt. Pepper's Lonely Hearts Club Band,The Beatles,02:35,-
Sgt. Pepper's Lonely Hearts Club Band (Reprise),The Beatles,03:29,-
Shadows Of The Night,Pat Benatar,03:22,-
Shake It Up,The Cars,02:25,-
Sharp Dressed Man,ZZ Top,02:22,-
Shattered,Rolling Stones,02:58,-
She Loves You,The Beatles,02:34,-
She Talks To Angels,The Black Crowes,02:42,-
She's a Beauty,The Tubes,02:40,-
She's a Rainbow,Rolling Stones,03:05,-
SHE'S A WOMAN,The Beatles,03:01,-
SHE'S ALWAYS A WOMAN,Billy Joel,02:52,-
She's Leaving Home,The Beatles,02:25,-
She's The One,Bruce Springsteen,02:01,-
She's Waiting,Eric Clapton,02:49,-
Shine,Collective Soul,02:58,-
Shine On You Crazy Diamond,Pink Floyd,03:06,-
Shinin' On,Grand Funk Railroad,03:14,-
SHOCK THE MONKEY,Peter Gabriel,02:16,-
Shooting Star,Bad Company,02:32,-
Shot Down In Flames,AC/DC,03:15,-
Shot in the Dark,Ozzy Osbourne,02:32,-
Should I Stay Or Should,The Clash,03:10,-
Shout,Tears for Fears,03:01,-
Shout at the Devil,Motley Crue,03:21,-
Show Don't Tell,Rush,02:55,-
Show Me the Way,Peter Frampton,02:36,-
Signs,Five Man Electrical Band,03:11,-
Silent Lucidity,Queensryche,02:31,-
Silly Love Songs,Paul McCartney & Wings,02:36,-
Simple Man,Lynyrd Skynyrd,02:44,-
Simply Irresistible,Robert Palmer,03:15,-
Since I've Been Loving You,Led Zeppelin,02:39,-
Since You Been Gone,Rainbow,02:07,-
Sirens,Pearl Jam,02:47,-
Sister Christian,Night Ranger,03:07,-
Sister Golden Hair,America,02:25,-
Sledgehammer,Peter Gabriel,02:22,-
Slide It In,Whitesnake,03:19,-
Slow Ride,Foghat,03:27,-
Small Town,John Mellencamp,03:09,-
Smells Like Teen Spirit,Nirvana,03:04,-
Smoke On The Water,Deep Purple,02:19,-
Smokin',Boston,03:29,-
Smooth,Santana,03:16,-
Smuggler's Blues,Glenn Frey,02:04,-
So Far Away,Dire Straits,03:22,-
So Into You,Atlanta Rhythm Section,02:16,-
So Lonely,The Police,03:03,-
Solsbury Hill,Peter Gabriel,02:17,-
Some Kind of Wonderful,Grand Funk Railroad,03:14,-
Some Like It Hot,The Power Station,02:30,-
Somebody,Bryan Adams,02:27,-
Somebody Save Me,Cinderella,02:29,-
Somebody's Baby,Jackson Browne,02:35,-
Someone Saved My Life Tonight,Elton John,02:55,-
Something,The Beatles,02:11,-
Something In the Air,Thunderclap Newman,03:08,-
Something To Believe In,Poison,02:33,-
Sometimes A Fantasy,Billy Joel,02:28,-
Son of a Son of a Sailor,Jimmy Buffett,03:07,-
Song 2,Blur,02:51,-
Sorry,Buckcherry,03:26,-
SOUL MAN,Sam & Dave,03:23,-
Soul Sacrifice,Santana,02:36,-
Soul to Squeeze,Red Hot Chili Peppers,02:09,-
South Bound Saurez,Led Zeppelin,02:54,-
Southern Man,Neil Young,02:14,-
Space Oddity,David Bowie,02:22,-
Space Station #5,Montrose,02:59,-
Speak to Me/Breathe,Pink Floyd,02:29,-
Spill the Wine,War,03:29,-
Spirit In The Night,Bruce Springsteen,02:58,-
Spirit In The Sky,Norman Greenbaum,02:14,-
Spirits In The Material World,The Police,02:09,-
Spoonman,Soundgarden,03:06,-
Squeeze Box,The Who,02:48,-
Stairway to Heaven,Led Zeppelin,03:08,-
Stand,R.E.M.,03:28,-
Stand Back,Stevie Nicks,02:03,-
Starman,David Bowie,02:52,-
Starship Trooper,Yes,03:12,-
Start Me Up,Rolling Stones,02:05,-
Statesboro Blues,Allman Brothers Band,03:10,-
Stay With Me,Faces,03:02,-
Stealin',Uriah Heep,02:54,-
Still Loving You,Scorpions,02:10,-
STILL THE ONE,Orleans,03:23,-
Still the Same,Bob Seger,03:19,-
Stone Cold,Rainbow,03:14,-
Stone Free,Jimi Hendrix,02:21,-
Straight On,Heart,03:29,-
Strange Magic,Electric Light Orchestra,03:18,-
Stranglehold,Ted Nugent,02:01,-
Strawberry Fields Forever,The Beatles,03:09,-
Street Fighting Man,Rolling Stones,02:17,-
Strutter,Kiss,02:38,-
Stuck In the Middle With You,Stealers Wheel,02:16,-
Subdivisions,Rush,02:59,-
Substitute,The Who,02:49,-
Subterranean Homesick Blues,Bob Dylan,03:09,-
Suffragette City,David Bowie,02:51,-
Sugar Magnolia,Grateful Dead,02:24,-
Sugar Mountain,Neil Young,03:10,-
Suite Madame Blue,Styx,02:24,-
Sultans of Swing,Dire Straits,02:52,-
Summer In the City,The Lovin' Spoonful,02:05,-
Summer Nights,Van Halen,03:27,-
Summer Of '69,Bryan Adams,03:23,-
Sun King,The Beatles,03:20,-
Sunday Bloody Sunday,U2,02:41,-
Sundown,Gordon Lightfoot,02:11,-
Sunny Afternoon,The Kinks,02:36,-
Sunset Grill,Don Henley,02:13,-
Sunshine of Your Love,Cream,02:57,-
Sunshine Superman,Donovan,02:54,-
Superstition,Stevie Wonder,02:41,-
Surrender,Cheap Trick,02:32,-
Suzie Q,Creedence Clearwater Revival,02:10,-
Sweet Child O' Mine,Guns N' Roses,03:09,-
Sweet Dreams (Are Made of This),Eurythmics,02:16,-
Sweet Emotion,Aerosmith,02:39,-
Sweet Hitch Hiker,Creedence Clearwater Revival,02:33,-
Sweet Home Alabama,Lynyrd Skynyrd,03:08,-
Sweet Jane (Live),Lou Reed,03:00,-
Sweet Leaf,Black Sabbath,02:50,-
Sweet Talkin' Woman,Electric Light Orchestra,03:16,-
Sweetest Thing,U2,03:06,-
Sympathy For The Devil,Rolling Stones,02:03,-
Synchronicity II,The Police,02:42,-
T.N.T.,AC/DC,02:54,-
Tainted Love,Soft Cell,03:25,-
Take It Back,Pink Floyd,02:48,-
Take It Easy,Eagles,03:13,-
Take It on the Run,REO Speedwagon,02:29,-
Take It to the Limit,Eagles,03:15,-
Take Me Home Tonight,Eddie Money,03:19,-
Take Me In Your Arms,The Doobie Brothers,02:14,-
Take On Me,a-ha,02:58,-
Take Out The Gunman,Chevelle,02:17,-
Take the Long Way Home,Supertramp,03:00,-
Take the Money and Run,Steve Miller Band,03:16,-
Takin' Care Of Business,Bachman-Turner Overdrive,03:11,-
Takin' It To The Streets,The Doobie Brothers,02:31,-
Tales Of Brave Ulysses,Cream,03:16,-
Talk Dirty To Me,Poison,02:16,-
TALK OF THE TOWN,The Pretenders,03:09,-
Talk To Ya Later,The Tubes,02:58,-
TALKING IN YOUR SLEEP,The Romantics,03:11,-
TANGERINE,Led Zeppelin,02:04,-
Tangled Up In Blue,Bob Dylan,02:32,-
Teacher,Jethro Tull,02:32,-
Tempted,Squeeze,02:10,-
Ten Years Gone,Led Zeppelin,02:28,-
Tenth Avenue Freeze-Out,Bruce Springsteen,03:09,-
Tequila Sunrise,Eagles,03:04,-
Test For Echo,Rush,02:06,-
Texas Flood,Stevie Ray Vaughan,03:28,-
Thank You,Led Zeppelin,03:08,-
That Smell,Lynyrd Skynyrd,03:23,-
That Was Yesterday,Foreigner,03:19,-
That's All,Genesis,03:06,-
That's the Way,Led Zeppelin,02:25,-
The Back Seat Of My Car,Paul McCartney & Linda McCartney,02:58,-
The Ballad Of Billy The Kid,Billy Joel,02:40,-
The Ballad Of Curtis Loew,Lynyrd Skynyrd,02:58,-
The Ballad Of John And Yoko,The Beatles,03:02,-
The Battle Of Evermore,Led Zeppelin,02:57,-
The Best of My Love,Eagles,03:08,-
THE BITCH IS BACK,Elton John,03:05,-
The Boys Are Back In Town,Thin Lizzy,02:33,-
The Boys Of Summer,Don Henley,03:18,-
The Break Up Song,Greg Kihn Band,02:28,-
The Chain,Fleetwood Mac,02:40,-
The Changeling,The Doors,03:18,-
The Cisco Kid,War,03:19,-
THE CONTINUING STORY OF BUNG,The Beatles,02:42,-
The Core,Eric Clapton,02:35,-
The Crunge,Led Zeppelin,03:16,-
The Crystal Ship,The Doors,03:01,-
The Devil Went Down To Georgia,Charlie Daniels Band,02:37,-
The Dogs Of War,Pink Floyd,03:07,-
The Final Countdown,Europe,03:07,-
The First Cut Is The Deepest,Rod Stewart,02:52,-
The Fool On The Hill,The Beatles,02:55,-
The Grand Illusion,Styx,03:14,-
The Great Gig In the Sky,Pink Floyd,03:29,-
The Happiest Days Of Our Lives/another Brick In The Wall,Pink Floyd,02:26,-
The Heart of the Matter,Don Henley,02:40,-
The House Is Rockin',Stevie Ray Vaughan,03:23,-
The Joker,Steve Miller Band,02:47,-
The Kid Is Hot Tonite,Loverboy,02:02,-
The Kids Are Alright,The Who,03:18,-
The Kids Aren't Alright,The Offspring,02:25,-
The Lamb Lies Down On Broadway,Genesis,03:10,-
THE LAST TIME,Rolling Stones,03:20,-
The Lemon Song,Led Zeppelin,03:01,-
The Load-out/stay,Jackson Browne,03:08,-
The Long And Winding Road,The Beatles,02:30,-
The Long Run,Eagles,02:49,-
The Memory Remains,Metallica,03:11,-
The Needle and the Damage Done,Neil Young,02:04,-
The Night They Drove Old Dixie Down,The Band,02:25,-
The Number Of The Beast,Iron Maiden,02:45,-
The Ocean,Led Zeppelin,02:10,-
The Old Man Down The Road,John Fogerty,02:29,-
The One I Love,R.E.M.,02:10,-
The Passenger,Iggy Pop,03:07,-
The Pretender,Foo Fighters,02:47,-
The Rain Song,Led Zeppelin,03:23,-
The Real Me,The Who,02:17,-
The Ripper,Judas Priest,02:34,-
The Road and the Sky,Jackson Browne,02:19,-
The Rover,Led Zeppelin,02:56,-
THE SEEKER,The Who,02:01,-
THE SONG IS OVER,The Who,02:54,-
The Song Remains the Same,Led Zeppelin,03:27,-
The Sounds Of Silence,Simon & Garfunkel,02:32,-
The South's Gonna Do It Again,Charlie Daniels Band,03:28,-
THE SPIDER AND THE FLY,Rolling Stones,02:22,-
The Spirit of Radio,Rush,03:07,-
The Story In Your Eyes,The Moody Blues,02:07,-
The Stranger,Billy Joel,02:10,-
The Stroke,Billy Squier,02:51,-
The Trees,Rush,03:24,-
The Trooper,Iron Maiden,03:02,-
The Unforgiven,Metallica,02:02,-
The Waiting,Tom Petty & The Heartbreakers,02:34,-
THE WANTON SONG,Led Zeppelin,03:15,-
The Warrior,Scandal,03:16,-
The Way It Is,Bruce Hornsby & The Range,02:28,-
The Weight,The Band,02:31,-
The Wind Cries Mary,Jimi Hendrix,02:43,-
The Wizard,Uriah Heep,02:10,-
The Word,The Beatles,02:57,-
The World I Know,Collective Soul,02:24,-
The Zoo,Scorpions,02:34,-
Them Bones,Alice In Chains,02:28,-
There's Only One Way to Rock,Sammy Hagar,02:06,-
THESE ARE THE DAYS OF OUR LI,Queen,02:33,-
These Days,Foo Fighters,02:10,-
THESE EYES,Guess Who,02:11,-
Things We Said Today,The Beatles,02:52,-
Third Stone From The Sun,Jimi Hendrix,02:58,-
Those Shoes,Eagles,03:12,-
Thunder Island,Jay Ferguson,02:53,-
Thunder Road,Bruce Springsteen,02:49,-
Thunderstruck,AC/DC,02:41,-
Ticket to Ride,The Beatles,02:35,-
Tie Your Mother Down,Queen,02:45,-
Time,Pink Floyd,02:02,-
TIME IN A BOTTLE,Jim Croce,02:43,-
Time of the Season,Zombies,02:12,-
Time Stand Still (live),Rush,03:16,-
Time Waits for No One,Rolling Stones,03:24,-
Time/Gig in The Sky,Pink Floyd,02:36,-
Times Like These,Foo Fighters,03:22,-
Tiny Dancer,Elton John,02:14,-
Tired of Waiting,The Kinks,03:12,-
To Hell With the Devil,Stryper,02:12,-
Today,Smashing Pumpkins,03:08,-
Tom Sawyer,Rush,03:18,-
Tonight Tonight (live),Genesis,02:32,-
Tonight's the Night (Gonna Be Alright),Rod Stewart,03:01,-
Too Many People,Paul McCartney & Linda McCartney,02:50,-
Too Much Time On My Hands,Styx,02:18,-
Touch Me,The Doors,02:39,-
Touch of Grey,Grateful Dead,02:57,-
Touch Too Much,AC/DC,02:14,-
Toys in the Attic,Aerosmith,02:32,-
Train In Vain,The Clash,02:47,-
Train Kept A-Rollin',Aerosmith,03:20,-
Trampled Under Foot,Led Zeppelin,02:19,-
Trans Am (Highway Wonderland),Sammy Hagar,02:52,-
Travelin' Band,Creedence Clearwater Revival,02:17,-
Traveling Riverside Blues,Led Zeppelin,02:06,-
Truckin',Grateful Dead,03:05,-
Tube Snake Boogie,ZZ Top,02:41,-
Tuesday's Gone,Lynyrd Skynyrd,02:41,-
Tumbling Dice,Rolling Stones,03:26,-
Turn It On Again,Genesis,03:00,-
Turn Me Loose,Loverboy,03:25,-
Turn The Page,Bob Seger,02:32,-
Turn To Stone,Electric Light Orchestra,03:30,-
Turn Up the Radio,Autograph,02:34,-
Tush,ZZ Top,03:09,-
Tusk,Fleetwood Mac,03:22,-
TV Dinners,ZZ Top,02:46,-
Twentieth Century Fox,The Doors,02:53,-
Twice As Hard,The Black Crowes,03:18,-
Twilight Zone,Golden Earring,02:16,-
Twist and Shout,The Beatles,02:28,-
Two Of Us,The Beatles,02:55,-
TWO OUT OF THREE AIN'T BAD,Meat Loaf,02:29,-
Two Princes,Spin Doctors,02:45,-
Unchained,Van Halen,02:48,-
Uncle John's Band,Grateful Dead,02:09,-
Under My Thumb,Rolling Stones,02:40,-
Under My Wheels,Alice Cooper,03:07,-
Under the Bridge,Red Hot Chili Peppers,02:03,-
UNDERCOVER OF THE NIGHT,Rolling Stones,02:11,-
Uneasy Rider,Charlie Daniels Band,02:42,-
Until It Sleeps,Metallica,02:50,-
Up Around the Bend,Creedence Clearwater Revival,02:23,-
Up On Cripple Creek,The Band,03:12,-
Urgent,Foreigner,02:23,-
Us and Them,Pink Floyd,03:07,-
Use Somebody,Kings of Leon,02:41,-
Used To Love Her,Guns N' Roses,02:11,-
Vasoline,Stone Temple Pilots,02:32,-
Ventura Highway,America,03:26,-
Venus and Mars/Rock Show,Paul McCartney & Wings,03:23,-
Veronica,Elvis Costello,02:20,-
Vertigo,U2,02:21,-
Victim of Love,Eagles,02:17,-
Voices,Russ Ballard,02:17,-
Voodoo Child (Slight Return),Jimi Hendrix,02:18,-
WAITIN' FOR THE BUS/JESUS JUST LEFT CHICAGO,ZZ Top,03:26,-
Waiting for a Girl Like You,Foreigner,02:19,-
Waiting For The Sun,The Doors,03:13,-
Waiting on a Friend,Rolling Stones,03:19,-
Walk of Life,Dire Straits,02:22,-
Walk On The Wild Side,Lou Reed,03:04,-
Walk This Way,Aerosmith,02:47,-
Walking On The Moon,The Police,03:30,-
Wanted Dead or Alive,Bon Jovi,02:15,-
War Pigs,Black Sabbath,02:12,-
Wasted Years,Iron Maiden,02:50,-
Watching the Wheels,John Lennon,02:25,-
Waterloo Sunset,The Kinks,03:27,-
We Are the Champions,Queen,02:46,-
We Belong,Pat Benatar,02:52,-
We Built This City,Jefferson Starship,02:16,-
We Can Work It Out,The Beatles,02:57,-
We Gotta Get You a Woman,Todd Rundgren,03:23,-
We Just Disagree,Dave Mason,02:03,-
We Will Rock You,Queen,02:35,-
We Will Rock You/We Are The Champions,Queen,02:18,-
Welcome To My Nightmare,Alice Cooper,02:39,-
Welcome To The Boomtown,David & David,03:26,-
Welcome to the Jungle,Guns N' Roses,02:36,-
Welcome To The Machine,Pink Floyd,02:18,-
We're an American Band,Grand Funk Railroad,02:40,-
Werewolves of London,Warren Zevon,02:58,-
We've Got Tonite,Bob Seger,02:46,-
What a Fool Believes,The Doobie Brothers,02:58,-
What I Got,Sublime,03:02,-
What I Like About You,The Romantics,02:42,-
What Is and What Should Never Be,Led Zeppelin,02:56,-
What It Takes,Aerosmith,02:02,-
What It's Like,Everlast,03:30,-
What You Need,INXS,03:05,-
What's Up?,4 Non Blondes,02:46,-
What's Your Name,Lynyrd Skynyrd,02:02,-
Wheel in the Sky,Journey,02:41,-
When I Come Around,Green Day,03:22,-
When I See You Smile,Bad English,02:07,-
When I'm 64,The Beatles,02:28,-
When I'm Gone,3 Doors Down,02:31,-
When It's Love,Van Halen,02:25,-
When Love Comes to Town,U2,02:25,-
When The Levee Breaks,Led Zeppelin,03:11,-
When the Music's Over,The Doors,02:01,-
When You Close Your Eyes,Night Ranger,03:29,-
Where Have All the Good Times Gone!,Van Halen,03:05,-
Where the Streets Have No Name,U2,02:20,-
Where To Now St. Peter,Elton John,02:27,-
Wherever I May Roam,Metallica,02:16,-
While My Guitar Gently Weeps,The Beatles,03:07,-
While You See a Chance,Steve Winwood,03:13,-
White Rabbit,Jefferson Airplane,03:20,-
White Room,Cream,03:14,-
White Wedding,Billy Idol,02:03,-
Who Are You,The Who,02:22,-
Who Can It Be Now?,Men At Work,02:39,-
Who Made Who,AC/DC,02:11,-
Whole Lotta Love,Led Zeppelin,02:14,-
Whole Lotta Rosie,AC/DC,03:11,-
Who'll Stop the Rain,Creedence Clearwater Revival,02:41,-
Who's Crying Now,Journey,02:11,-
Why Can't This Be Love,Van Halen,03:26,-
Why Can't We Be Friends,War,02:55,-
Why Don't We Get Drunk,Jimmy Buffett,02:28,-
Wild Honey Pie,The Beatles,02:02,-
Wild Horses,Rolling Stones,02:41,-
Wild Night,Van Morrison,03:15,-
Wild Side,Motley Crue,02:36,-
Wild Wild Life,Talking Heads,02:18,-
WILD WORLD,Cat Stevens,02:08,-
Wind Of Change,Scorpions,02:03,-
Wish You Were Here,Pink Floyd,03:28,-
Wishing Well,Free,02:35,-
Witchy Woman,Eagles,03:07,-
With Arms Wide Open,Creed,02:18,-
With Or Without You,U2,02:23,-
Woman,John Lennon,02:36,-
Wonderful Tonight,Eric Clapton,02:37,-
Wonderwall,Oasis,02:21,-
Won't Get Fooled Again,The Who,03:24,-
Working for the Weekend,Loverboy,02:02,-
Working Man,Rush,02:21,-
Would?,Alice In Chains,03:21,-
Wrapped Around Your Finger,The Police,02:07,-
Wrong Way,Sublime,02:50,-
Yankee Rose,David Lee Roth,02:37,-
Yellow Ledbetter,Pearl Jam,03:15,-
Yellow Submarine,The Beatles,03:21,-
Yesterday,The Beatles,02:18,-
You Ain't Seen Nothin' Yet,Bachman-Turner Overdrive,02:23,-
You Belong to the City,Glenn Frey,02:57,-
You Better Run,Pat Benatar,03:20,-
You Better You Bet,The Who,02:18,-
You Can Call Me Al,Paul Simon,03:11,-
You Can't Always Get What You Want,Rolling Stones,02:50,-
You Don't Know How It Feels,Tom Petty & The Heartbreakers,02:32,-
You Give Love A Bad Name,Bon Jovi,02:32,-
You Got Lucky,Tom Petty & The Heartbreakers,03:24,-
YOU GOT THE SILVER,Rolling Stones,02:57,-
YOU GOTTA MOVE,Rolling Stones,03:04,-
You Make Loving Fun,Fleetwood Mac,03:12,-
You May Be Right,Billy Joel,02:38,-
You Might Think,The Cars,02:38,-
You Never Give Me Your Money,The Beatles,02:12,-
You Oughta Know,Alanis Morissette,03:24,-
You Shook Me,Led Zeppelin,02:34,-
You Shook Me All Night Long,AC/DC,02:26,-
You Took The Words Right Out Of My Mouth,Meat Loaf,02:05,-
You Wear It Well,Rod Stewart,02:07,-
You Wreck Me,Tom Petty & The Heartbreakers,03:22,-
Young Americans,David Bowie,03:08,-
Young Lust,Pink Floyd,02:17,-
Your Love,The Outfield,02:54,-
YOUR MOTHER SHOULD KNOW,The Beatles,02:12,-
Your Song,Elton John,03:16,-
Your Time Is Gonna Come,Led Zeppelin,02:09,-
Your Wildest Dreams,The Moody Blues,02:27,-
You're Going To Lose That Girl,The Beatles,02:37,-
You're In My Heart (The Final Acclaim),Rod Stewart,02:12,-
You're My Best Friend,Queen,03:27,-
Your're Sixteen,Ringo Starr,02:16,-
Yours Is No Disgrace,Yes,02:25,-
Youth Gone Wild,Skid Row,02:48,-
YOU'VE GOT A FRIEND,JAMES TAYLOR,02:24,-
YYZ,Rush,02:09,-
Ziggy Stardust,David Bowie,03:13,-
